Search Time;Search Query;URL Clicked
2006-03-04 17:35:43;hair color without peroxide;
2006-03-04 17:36:32;hair color without peroxide;
2006-03-04 17:37:22;hair color without peroxide loreal;
2006-03-04 17:37:45;free tarot card reading;
2006-03-07 17:42:14;free tarot card reading;
2006-03-07 18:05:36;free tarot card reading;http://www.powerfortunes.com
2006-03-07 18:05:36;free tarot card reading;http://atworkandbored.com
2006-03-07 19:01:27;free tarot card reading;http://www.newagestore.com
2006-03-07 19:45:09;free tarot card reading;
2006-03-07 19:45:38;vitamin d;http://www.osteoporosis.ca
2006-03-28 17:58:24;vitamin d;http://vitamind.ucr.edu
2006-03-28 17:58:24;vitamin d;http://vitamind.ucr.edu
2006-03-28 17:58:24;vitamin d;http://en.wikipedia.org
2006-03-28 17:58:24;what can i make with newspapers;http://www.amazon.com
2006-03-28 18:12:40;what can i make with newspapers;
2006-03-28 18:14:34;what can be made with newspapers;
2006-03-28 18:15:06;what can be made with newspapers;
2006-03-28 18:15:20;newspapers art;
2006-03-28 18:16:02;what can be made with newspaper;
2006-03-28 18:16:48;what can be made with newspapers;
2006-03-28 18:17:32;what can be made with newspapers peper;
2006-03-28 18:17:54;made with newspapers peper;
2006-03-28 18:18:19;what can i make with newpapers;
2006-03-28 18:18:56;what can i make with newspapers;
2006-03-28 18:19:09;what can i make with newspapers;
2006-03-28 18:19:25;what can i make with newspapers;
2006-03-28 18:19:49;what can i make with newspapers;
2006-03-28 18:20:05;what can i make with newspapers;
2006-03-28 18:20:37;taro.com;
2006-03-29 17:10:03;things that can be made form newspapers;
2006-03-30 20:25:18;things that can be made from newspapers;
2006-03-30 20:31:52;things that can be made newspapers;
2006-03-30 20:33:28;newspapers creations;
2006-03-30 20:34:18;newspaper creations;http://www.teachingideas.co.uk
2006-03-30 20:35:19;newspaper design;
2006-03-30 20:36:44;origamy;http://www.tpub.com
2006-03-30 20:37:54;origami;
2006-03-30 20:38:16;origami;
2006-03-30 20:38:46;origami;http://www.merrimack.edu
2006-03-30 20:38:46;hand craft;http://library.thinkquest.org
2006-03-30 20:41:21;handcraft;
2006-03-30 20:41:34;handcraft;http://www.thehandcraft.com
2006-03-30 20:42:31;handcraft;http://www.lisp.com.au
2006-03-30 20:45:06;newpaper craft;
2006-03-30 20:46:25;newpaper craft;http://www.kidszone.ourfamily.com
2006-03-30 20:46:25;newpaper craft;http://www.craftlister.com
2006-03-30 20:46:25;newpaper handcraft;http://www.kidszone.ourfamily.com
2006-03-30 20:50:03;paper fun craft;
2006-03-30 20:58:36;paper fun craft;http://www.scissorcraft.com
2006-03-30 20:58:36;paper fun craft;http://www.homeschoolzone.com
2006-03-30 20:58:36;magic tricks;http://www.craftsitedirectory.com
2006-04-03 13:02:16;magic tricks;http://www.kidzone.ws
2006-04-03 13:07:08;magic tricks;
2006-04-03 13:12:20;magic tricks;http://www.kidzone.ws
2006-04-03 13:12:20;magic tricks;http://www.caveofmagic.com
2006-04-03 13:12:20;magic tricks;http://www.magictricks.co.uk
2006-04-03 13:12:20;magic tricks;http://www.conjuror.com
2006-04-03 13:12:20;magic tricks;http://www.kidzone.ws
2006-04-03 13:12:20;magic tricks;http://allmagic.com
2006-04-03 13:40:24;magic tricks;http://www.timwike.dircon.co.uk
2006-04-03 13:40:24;magic tricks;http://www.hobbytron.com
2006-04-03 13:40:24;magic tricks;http://www.pubtricks.com
2006-04-03 13:45:35;offshore;http://magic.about.com
2006-04-03 13:46:18;is offshore similar to outsource;
2006-04-03 13:47:16;is offshore similar to outsource;http://en.wikipedia.org
2006-04-03 13:49:20;offshore similar to outsource;
2006-04-03 13:50:46;offshore similar to outsource;http://bostonworks.boston.com
2006-04-03 13:55:09;kid paper craft;http://www.covient.com
2006-04-03 14:01:31;kid paper craft;http://www.enchantedlearning.com
2006-04-03 14:01:31;kid paper craft;http://www.daniellesplace.com
2006-04-03 14:01:31;kid paper craft;http://www.scissorcraft.com
2006-04-03 14:01:31;kid paper craft;http://www.teach-nology.com
2006-04-03 14:04:17;kid paper craft;http://www.kidsdomain.com
2006-04-03 14:04:17;kid paper craft;http://www.dltk-bible.com
2006-04-03 14:05:54;kid paper craft;http://home.att.net
2006-04-03 14:05:54;kid paper craft;http://mailjust4me.com
2006-04-03 14:05:54;kid paper craft;http://www.craftsfaironline.com
2006-04-03 14:05:54;kid paper craft;http://www.allcrafts.net
2006-04-03 14:05:54;kid paper craft;http://www.craftsfaironline.com
2006-04-03 14:09:48;kid paper craft;http://www.bizrate.com
2006-04-03 14:09:48;how to make a kite;http://www.teach-nology.com
2006-04-03 14:12:19;kid paper craft;http://www.skratch-pad.com
2006-04-03 14:14:55;kid paper craft;
2006-04-03 14:14:56;kid paper craft;http://www.dltk-kids.com
2006-04-03 14:14:56;kid craft;http://www.daniellesplace.com
2006-04-03 14:16:54;kid craft;http://www.wwvisions.com
2006-04-03 14:16:54;kid paper art;http://www.kidslist.uc.edu
2006-04-03 14:27:02;kid paper art;http://familycrafts.about.com
2006-04-03 14:27:02;orogami;http://www.theideabox.com
2006-04-03 14:29:20;orogami;http://www.orogami.it
2006-04-03 14:35:20;orogami;
2006-04-03 14:35:47;orogami paper;
2006-04-03 14:36:24;paper orogami;
2006-04-03 14:37:00;paper orogami;
2006-04-03 14:37:22;paper orogami;http://origami.fae.sk
2006-04-03 14:38:25;1 orogamy;
2006-04-03 14:38:47;4 of wind songs;
2006-04-03 20:45:35;4 of wind songs tarot card;
2006-04-03 20:46:15;4 of wind songs tarot card;http://www.tarotjourney.co.nz
2006-04-03 20:46:15;4 of wind songs tarot card;http://trionfi.com
2006-04-03 20:49:04;4 of wind songs tarot card;http://www.wicce.com
2006-04-03 20:50:13;soulmate past life connection;http://www.care2.com
2006-04-06 21:49:35;soulmate past life connection;http://www.mariashaw.com
2006-04-06 21:49:35;tyra bank theme song;http://www.tantric-soulmate-connection.org
2006-04-06 22:03:06;tyra bank theme song;http://www.iamplify.com
2006-04-06 22:03:06;tyra bank theme song;http://blackvoices.aol.com
2006-04-06 22:03:06;tyra bank theme song;http://www.jossip.com
2006-04-06 22:06:27;tyra bank theme song;
2006-04-06 22:06:41;tyra bank theme song just for today;http://www.contactmusic.com
2006-04-06 22:07:51;tyra bank song just for today;
2006-04-06 22:08:23;tyra bank theme song just for today;
2006-04-06 22:08:48;tyra bank theme song just for today;
2006-04-06 22:08:49;tyra bank theme song just for today;http://www.contactmusic.com
2006-04-06 22:09:50;theme song just for today;
2006-04-06 22:10:17;song just for today;
2006-04-06 22:10:50;india.arie song just for today;http://www.lyricsandsongs.com
2006-04-06 22:14:00;natasha bedingfield;
2006-04-13 15:19:29;lyrics unwritten;
2006-04-13 15:25:32;which is the best cuny college;
2006-04-23 18:57:58;which is the best cuny college;http://www.princetonreview.com
2006-04-23 19:00:37;which is the best cuny college;http://www.princetonreview.com
2006-04-23 19:00:37;which is the best cuny college;http://www.uscollegesearch.org
2006-04-23 19:03:39;which is the best cuny college;http://www.answers.com
2006-04-23 19:03:39;new 2006 university ranks;http://art.utk.edu
2006-04-23 19:29:56;new 2006 university ranks;http://www.usnews.com
2006-04-23 19:29:56;best rank new york public colleges;http://www.usnews.com
2006-04-23 19:36:59;best rank new york public colleges;http://www.usnews.com
2006-04-23 19:36:59;best rank new york public colleges;http://moneycentral.msn.com
2006-04-23 19:40:20;best rank new york public colleges;http://www.neighborhoodscout.com
2006-04-23 19:40:20;help me find myself;http://www.hispaniconline.com
2006-04-30 21:24:09;help me find myself;
2006-04-30 21:24:40;help me find myself;
2006-04-30 21:24:41;who am i;http://www.myself-proj.it
2006-04-30 21:26:31;how can i find myself;
2006-04-30 21:27:16;what my purpose in life;
2006-04-30 21:28:16;what my purpose in life;http://www.everystudent.com
2006-04-30 21:28:16;what my purpose in life;http://www.relfe.com
2006-04-30 21:30:24;what my purpose in life;http://www.dreamsalive.com
2006-04-30 21:30:24;what my purpose in life;http://www.dreamsalive.com
2006-04-30 21:30:24;what my purpose in life;http://www.higherawareness.com
2006-04-30 21:33:35;free purpose in life reading;
2006-04-30 21:34:33;free purpose in life reading;
2006-04-30 21:35:43;free purpose in life reading;http://www.harmonion.com
2006-04-30 21:35:43;free purpose in life reading;http://www.ayurvedahc.com
2006-04-30 21:37:43;free purpose in life reading;http://experts.about.com
2006-04-30 21:37:43;free purpose in life tarot reading;http://cosmiclotus.org
2006-04-30 21:39:54;free purpose in life tarot reading;http://www.life-cycles-destiny.com
2006-04-30 21:39:54;free purpose in life tarot reading;http://www.download3000.com
2006-04-30 21:39:54;free purpose in life tarot reading;http://www.tarot-rita.com
2006-04-30 21:48:34;free purpose in life tarot reading;
2006-04-30 21:48:35;free purpose in life tarot reading;http://u.webring.com
2006-04-30 21:48:35;free purpose in life tarot reading;http://www.amethystlight.com
2006-04-30 21:48:35;free purpose in life tarot reading;http://www.aeclectic.net
2006-04-30 21:50:28;free purpose in life tarot reading;http://sify.com
2006-04-30 21:50:28;free purpose in life tarot reading;http://www.adze.com
2006-04-30 21:52:55;;free purpose in life astrology reading
2006-04-30 21:53:32;free purpose in life astrology reading;http://www.vedicastrologycenter.net
2006-04-30 21:53:32;free purpose in life astrology reading;http://www.freewillastrology.com
2006-04-30 21:53:32;free purpose in life astrology reading;http://www.life-cycles-destiny.com
2006-04-30 21:53:32;free purpose in life astrology reading;http://www.astrologysvcs.com
2006-04-30 21:53:32;free purpose in life astrology reading;http://www.astrostarcharts.com
2006-04-30 21:57:27;life purpose;http://www.splut.com
2006-04-30 21:58:28;life purpose;http://www.lifeonpurpose.com
2006-04-30 21:58:28;life purpose;http://www.lifepurposeinstitute.com
2006-04-30 21:58:28;life purpose;http://www.relfe.com
2006-04-30 21:58:28;life purpose;http://www.lifepurposecoaching.com
2006-04-30 21:58:28;free life purpose free reading;http://www.innerself.com
2006-04-30 22:12:37;free life purpose free reading;http://web.tickle.com
2006-04-30 22:32:48;free life purpose free reading;http://www.vedicastrologycenter.net
2006-04-30 22:32:48;free life purpose free reading;http://www.dreamsalive.com
2006-04-30 22:34:01;free life purpose free reading;http://www.mariesimpson.com
2006-04-30 22:34:01;free life purpose free reading;http://www.eslteachersboard.com
2006-04-30 22:35:31;free life purpose free reading;http://www.harmonion.com
2006-04-30 22:35:31;free life purpose free reading;http://www.3rdeyeguidance.com
2006-04-30 22:36:32;summer youth program;
2006-05-05 22:22:51;children arts and science workshop;http://www.nyc.gov
2006-05-05 23:26:43;motor viachyal;http://www.volunteermatch.org
2006-05-05 23:56:00;motor v;
2006-05-05 23:56:15;new york motor vehicle;
2006-05-05 23:57:21;calcium;http://www.nydmv.state.ny.us
2006-05-07 19:34:31;calcium;http://www.calciuminfo.com
2006-05-07 19:34:31;calcium;http://en.wikipedia.org
2006-05-07 19:40:41;calcium;http://www.imdb.com
2006-05-07 19:41:46;calcium and hair growth;http://www.berkeleywellness.com
2006-05-07 19:44:45;calcium and hair growth;http://hairloss.about.com
2006-05-07 19:44:45;calcium and hair growth;http://holisticonline.com
2006-05-07 19:49:47;vitamins that help increase hair growth;http://www.hair-vitamins.net
2006-05-07 19:51:57;what vitamins help increase hair growth;
2006-05-07 19:53:19;calcium help increase hair growth;
2006-05-07 19:54:11;calcium help increase hair growth;
2006-05-07 19:56:41;calcium increases hair growth;
2006-05-07 19:57:49;calcium hair growth;
2006-05-07 19:58:41;what the right weight for my height;
2006-05-11 22:46:01;what the right weight for my height;http://kidshealth.org
2006-05-11 22:46:01;what the right weight for my height;http://www.nzgirl.co.nz
2006-05-11 22:46:01;what the right weight for my height;http://www.caaws.ca
2006-05-11 22:46:01;what the right weight for my height;http://www.dietitian.com
2006-05-11 22:46:01;what the right weight for my height;http://library.adoption.com
2006-05-11 22:55:11;what the right weight for my height;
2006-05-11 22:55:56;what the right weight for my height;http://tt.tennis-warehouse.com
2006-05-11 22:55:56;what the right weight for my height;http://www.dietitian.com
2006-05-11 22:58:36;what the right weight for my height;
2006-05-11 22:58:57;what the right weight for my height;
2006-05-11 22:59:54;why don't i gain weight;http://www.am-i-fat.com
2006-05-11 23:01:12;why don't i gain weight;
2006-05-11 23:01:42;why don't i gain weight;
2006-05-11 23:03:03;people that don't gain weight;
2006-05-11 23:03:59;how to cut bangs;http://pda.physorg.com
2006-05-13 12:15:49;how to cut bangs;http://www.ehow.com
2006-05-13 12:15:49;how to cut bangs;http://www.amphigory.com
2006-05-13 12:28:10;how to cut bangs;http://www.shopireland.ie
2006-05-13 12:28:10;how to cut bangs;http://www.haircolordiva.com
2006-05-13 12:28:10;how to cut bangs;http://www.lhj.com
2006-05-13 12:37:20;how to cut bangs;http://www.hgtv.com
2006-05-13 12:37:20;how to cut bangs;http://www.ym.com
2006-05-13 12:41:59;how to cut bangs;
2006-05-13 12:42:40;how to cut bangs;http://www.shopireland.ie
2006-05-13 12:42:40;bangs cutting;http://magazines.ivillage.com
2006-05-13 12:51:48;bangs cutting;http://www.hairfinder.com
2006-05-13 12:51:48;bangs cutting;http://cutting-bangs.lowadjustableratemortgage.com
2006-05-13 12:51:48;bangs cutting;http://www.hairboutique.com
2006-05-13 13:00:02;face shape;
2006-05-13 13:00:47;face shape;http://www.visual-makeover.com
2006-05-13 13:00:47;face shape;http://www.eyebrowz.com
2006-05-13 13:00:47;face shape;http://www.hairboutique.com
2006-05-13 13:00:47;face shape;http://www.ivillage.co.uk
2006-05-13 13:15:15;face shape;http://cleo.ninemsn.com.au
2006-05-13 13:15:15;face shape;http://beauty.iloveindia.com
2006-05-13 13:15:15;face shape;http://www.sofeminine.co.uk
2006-05-13 13:15:15;face shape;http://www.bellaonline.com
2006-05-13 13:28:44;face shape;http://www.handbag.com
2006-05-13 13:28:44;face shape;http://www.handbag.com
2006-05-13 13:28:44;face shape;http://maq.com
2006-05-13 13:28:44;face shape;http://doi.ieeecomputersociety.org
2006-05-13 13:28:44;face shape;http://el.erdc.usace.army.mil
2006-05-13 13:35:35;face shape;http://uk.answers.yahoo.com
2006-05-13 13:35:35;long bangs;http://www.dermadoctor.com
2006-05-13 13:38:44;long bangs;http://magazines.ivillage.com
2006-05-13 13:38:44;long bangs;http://www.bosshair.com
2006-05-13 13:38:44;long bangs;http://www.todaystylist.com
2006-05-13 13:42:15;long bangs;http://www.greatestlook.com
2006-05-13 13:42:15;long bangs;http://123wigs.com
2006-05-13 13:43:31;long bangs;http://www.hairfinder.com
2006-05-13 13:43:31;long bangs;http://www.43things.com
2006-05-13 13:45:49;long bangs;http://bangs.hairresources.net
2006-05-13 13:51:52;how long should i let my hair grow;http://www.tlhs.org
2006-05-26 18:24:12;how long should i let my hair grow;http://messageboards.ivillage.com
2006-05-26 18:24:12;how long should i let my hair grow;http://www.hairboutique.com
2006-05-26 18:38:10;how long should i let my hair grow;http://www.everything2.com
2006-05-26 18:38:10;how long should i let my hair grow;http://www.hairfinder.com
2006-05-26 18:38:10;free life reading;
2006-05-26 18:52:16;free life reading;
2006-05-26 18:52:48;free life reading;
2006-05-26 18:54:12;free life reading;http://www.thisismyindia.com
2006-05-26 19:14:42;free life reading;
2006-05-26 19:15:01;free life destiny reading;http://forums.dealofday.com
2006-05-26 19:16:32;free life destiny reading;
2006-05-26 19:16:54;free life destiny reading;
2006-05-26 19:17:32;free life destiny reading;http://www.enchantedspirit.com
2006-05-26 19:17:32;free life destiny reading;http://www.7thunders.com
2006-05-26 19:18:33;free life destiny reading;http://www.ofspirit.com
2006-05-26 19:18:33;free life destiny reading;http://www.cygwin.com
2006-05-26 19:19:50;free life destiny reading;http://www.throughnightsfire.com
2006-05-26 19:19:50;free life destiny reading;http://www.caroladrienne.com
2006-05-26 19:28:23;free life destiny reading;
2006-05-26 19:29:05;free life destiny reading;http://www.ebookmall.com
2006-05-26 19:29:05;free life destiny reading;http://www.spiritual.com.au
2006-05-26 19:31:39;free life destiny reading;http://www.newagenotebook.com
2006-05-26 19:32:55;free life destiny reading;
2006-05-26 19:34:50;free life destiny reading;http://www.saskworld.com
2006-05-26 19:36:08;free life destiny reading;http://ezinearticles.com
2006-05-26 19:36:08;free life destiny reading;http://www.cyberastro.com
2006-05-26 19:39:37;free life destiny reading;http://www.astroyogi.com
2006-05-26 19:39:37;free life destiny reading;http://www.innerangel.com
2006-05-26 19:39:37;free life destiny reading;http://www.karmaresources.com
2006-05-26 19:39:37;free life destiny reading;http://members.amaonline.com
2006-05-26 19:39:37;free life destiny reading;http://www.astro-fengshui.com
2006-05-26 19:39:37;free life destiny reading;http://sidereus.org
2006-05-26 19:39:37;free tarot reading;http://members.amaonline.com
2006-05-26 20:09:24;free tarot reading;
2006-05-26 20:10:20;casino card divination reading;
2006-05-27 20:11:56;casino card divination reading;http://www.winsite.com
2006-05-27 20:13:44;card game divination reading;
2006-05-27 20:14:47;fortune telling with playing cards;http://submit.mixcat.com
2006-05-27 20:30:42;fortune telling with playing cards;http://www3.sympatico.ca
2006-05-27 20:32:09;fortune telling with playing cards;http://www.guntheranderson.com
2006-05-27 20:32:09;fortune telling with playing cards;http://www.learntarot.com
2006-05-27 20:32:09;fortune telling with playing cards;http://www.downloadjunction.com
2006-05-27 20:32:09;fortune telling with playing cards;http://tarotcanada.tripod.com
2006-05-27 20:32:09;fortune telling with playing cards;http://www.djmcadam.com
2006-05-27 20:32:09;fortune telling with playing cards;http://tarotcanada.tripod.com
2006-05-27 20:32:09;fortune telling with playing cards;http://www.libreriauniversitaria.it
2006-05-27 20:32:09;fortune telling with playing cards;http://istina.rin.ru
2006-05-27 20:32:09;fortune telling with playing cards;http://www.overstock.com
2006-05-27 20:58:19;fortune telling with playing cards;http://www.djmcadam.com
2006-05-27 20:58:19;fortune telling with playing cards;http://www.cafeastrology.com
2006-05-27 21:12:03;fortune telling with playing cards;http://www.vitalinfocenter.com
2006-05-27 21:12:03;fortune telling with playing cards;http://www.alibris.com
2006-05-27 21:12:03;fortune telling with playing cards;http://www.safesite.com
2006-05-27 21:12:03;fortune telling with playing cards;http://www.ahs.uwaterloo.ca
2006-05-27 21:14:51;fortune telling with playing cards;http://www.coolquiz.com
2006-05-27 21:14:51;fortune telling with playing cards;http://www.gemnaries.com
2006-05-27 21:14:51;fortune telling with playing cards;http://playing-cards.us
2006-05-27 21:20:51;fortune telling with playing cards;
2006-05-27 21:21:28;baby names;http://www.studyworld.com
2006-05-27 21:32:52;baby names;http://www.babynames.com
2006-05-27 21:32:52;fortune telling with playing cards;http://www.babycenter.com
2006-05-27 22:04:54;fortune telling with playing cards;http://www.gemnaries.com
2006-05-27 22:06:02;fortune telling with playing cards;
2006-05-27 22:06:03;fortune telling with playing cards;http://shopping.msn.com
2006-05-27 22:06:03;fortune telling with playing cards;http://www.djmcadam.com
2006-05-27 22:08:02;fortune telling with playing cards;http://www.powerfortunes.com
2006-05-27 22:08:02;fortune telling with playing cards;http://www.djmcadam.com
2006-05-27 22:08:02;fortune telling with playing cards;http://www.cs.man.ac.uk
2006-05-27 22:08:02;fortune telling with playing cards;http://www.surfpack.com
2006-05-27 22:08:02;fortune telling with playing cards;http://forum.skotos.net
2006-05-27 22:08:02;fortune telling with playing cards;http://www.cafeastrology.com
2006-05-27 23:18:42;fortune telling with playing cards;http://www.ahs.uwaterloo.ca
2006-05-27 23:18:42;fortune telling with playing cards;http://www.intercol.co.uk
2006-05-27 23:24:59;fortune telling with playing cards;http://playing-cards.us
2006-05-27 23:24:59;fortune telling with playing cards;http://www.schors.nl
2006-05-27 23:27:01;fortune telling with playing cards;http://www.casinocom.com
2006-05-27 23:27:59;;http://www.studyworld.com